{"cameraMode":{"drawMode":0,"name":"Shaded","section":"Shading Mode"},"sceneLighting":false,"audioPlay":false,"sceneViewState":{"showFog":true,"showMaterialUpdate":false,"showSkybox":false,"showFlares":true,"showImageEffects":true,"showParticleSystems":true},"in2DMode":false,"pivot":{"x":288.7035827636719,"y":355.2904052734375,"z":261.4815673828125},"rotation":{"x":0.18043315410614015,"y":0.12795710563659669,"z":-0.023681119084358217,"w":0.9749418497085571},"size":386.9503479003906,"orthographic":false}