{"cameraMode":{"drawMode":0,"name":"Shaded","section":"Shading Mode"},"sceneLighting":false,"audioPlay":false,"sceneViewState":{"showFog":true,"showMaterialUpdate":false,"showSkybox":false,"showFlares":true,"showImageEffects":true,"showParticleSystems":true},"in2DMode":false,"pivot":{"x":2.1558678150177,"y":62.785133361816409,"z":58.48569869995117},"rotation":{"x":-0.6675106883049011,"y":0.004301878158003092,"z":-0.003777690464630723,"w":-0.7446737289428711},"size":30.073522567749025,"orthographic":false}