{"cameraMode":{"drawMode":0,"name":"Shaded","section":"Shading Mode"},"sceneLighting":false,"audioPlay":false,"sceneViewState":{"showFog":true,"showMaterialUpdate":false,"showSkybox":false,"showFlares":true,"showImageEffects":true,"showParticleSystems":true},"in2DMode":false,"pivot":{"x":467.4372253417969,"y":203.97872924804688,"z":-3.5936279296875},"rotation":{"x":0.0015005514724180103,"y":0.004499918315559626,"z":0.000003322831616969779,"w":1.0000122785568238},"size":298.9809265136719,"orthographic":false}