{"cameraMode":{"drawMode":0,"name":"Shaded","section":"Shading Mode"},"sceneLighting":false,"audioPlay":false,"sceneViewState":{"showFog":true,"showMaterialUpdate":false,"showSkybox":false,"showFlares":true,"showImageEffects":true,"showParticleSystems":true},"in2DMode":false,"pivot":{"x":-9.988407135009766,"y":-1.9218368530273438,"z":-5.182851791381836},"rotation":{"x":0.5357143878936768,"y":0.018995702266693116,"z":-0.012055272236466408,"w":0.8441256284713745},"size":31.475826263427736,"orthographic":false}