{"cameraMode":{"drawMode":0,"name":"Shaded","section":"Shading Mode"},"sceneLighting":false,"audioPlay":false,"sceneViewState":{"showFog":true,"showMaterialUpdate":false,"showSkybox":false,"showFlares":true,"showImageEffects":true,"showParticleSystems":true},"in2DMode":false,"pivot":{"x":624.5930786132813,"y":267.2493896484375,"z":0.6693115234375},"rotation":{"x":0.0074995532631874088,"y":0.017998503521084787,"z":-0.00013314704119693488,"w":0.9998314380645752},"size":324.2783203125,"orthographic":false}