{"cameraMode":{"drawMode":0,"name":"Shaded","section":"Shading Mode"},"sceneLighting":false,"audioPlay":false,"sceneViewState":{"showFog":true,"showMaterialUpdate":false,"showSkybox":false,"showFlares":true,"showImageEffects":true,"showParticleSystems":true},"in2DMode":false,"pivot":{"x":589.6968383789063,"y":439.24737548828127,"z":24.00384521484375},"rotation":{"x":0.07493193447589874,"y":-0.0014960947446525097,"z":0.00011431726306909695,"w":0.9972099661827087},"size":325.4073486328125,"orthographic":false}